ID,UserID,EventID,Saved
ba398812-06a0-4c48-9f15-0660d3af0047-cdi6cc9ockr68bb3ccsjib9k6lh34b9o64r3ibb4clh64e1p70o6aohl68,ba398812-06a0-4c48-9f15-0660d3af0047,cdi6cc9ockr68bb3ccsjib9k6lh34b9o64r3ibb4clh64e1p70o6aohl68,true
ba398812-06a0-4c48-9f15-0660d3af0047-cdijipb3corm6b9mcgrm8b9kc5h62bb16cp68b9o70qm6dpkchj6aphj74,ba398812-06a0-4c48-9f15-0660d3af0047,cdijipb3corm6b9mcgrm8b9kc5h62bb16cp68b9o70qm6dpkchj6aphj74,true
ba398812-06a0-4c48-9f15-0660d3af0047-c8pm6opic4rm6bb56hhmcb9kcgs64b9oc8rjab9h6thm8cpo61gj2chkcc,ba398812-06a0-4c48-9f15-0660d3af0047,c8pm6opic4rm6bb56hhmcb9kcgs64b9oc8rjab9h6thm8cpo61gj2chkcc,false
ba398812-06a0-4c48-9f15-0660d3af0047-6sq62c1pchgm2bb56cpjcb9k68ojebb1clgm8b9jcli6ap1j6or3gcb1c8,ba398812-06a0-4c48-9f15-0660d3af0047,6sq62c1pchgm2bb56cpjcb9k68ojebb1clgm8b9jcli6ap1j6or3gcb1c8,true
ba398812-06a0-4c48-9f15-0660d3af0047-75j6ae9ncoom6bb46sp3ib9k6csj6bb261i66bb26cr30d9oc8sj2e336c,ba398812-06a0-4c48-9f15-0660d3af0047,75j6ae9ncoom6bb46sp3ib9k6csj6bb261i66bb26cr30d9oc8sj2e336c,false
ba398812-06a0-4c48-9f15-0660d3af0047-74smco9k65h36b9pc9i64b9k6phj8b9p71gj6b9p68q30dpj6co64e9icg,ba398812-06a0-4c48-9f15-0660d3af0047,74smco9k65h36b9pc9i64b9k6phj8b9p71gj6b9p68q30dpj6co64e9icg,false
ba398812-06a0-4c48-9f15-0660d3af0047-undefined,ba398812-06a0-4c48-9f15-0660d3af0047,undefined,false
ba398812-06a0-4c48-9f15-0660d3af0047-6pi3ie366krjab9oc5ijcb9kcco34bb1c5j6cb9ichh66d9o6gqmap1l74,ba398812-06a0-4c48-9f15-0660d3af0047,6pi3ie366krjab9oc5ijcb9kcco34bb1c5j6cb9ichh66d9o6gqmap1l74,true
ba398812-06a0-4c48-9f15-0660d3af0047-6sq38db36dh3cb9kcpgjab9kc4qjebb1c8qjgbb56krm8db1clh3ed9j6s,ba398812-06a0-4c48-9f15-0660d3af0047,6sq38db36dh3cb9kcpgjab9kc4qjebb1c8qjgbb56krm8db1clh3ed9j6s,true
ba398812-06a0-4c48-9f15-0660d3af0047-cgpj8p9pcdgjgbb6ckqjab9kc8q38b9p6gojcb9h6sr64e9p69h32cr66g,ba398812-06a0-4c48-9f15-0660d3af0047,cgpj8p9pcdgjgbb6ckqjab9kc8q38b9p6gojcb9h6sr64e9p69h32cr66g,true
